name,MyJsonColumn,WKT,MultiPoints,
abc,"{""def"":""123""}","MULTIPOLYGON(((-80.33167719841 25.752285027612, -80.3309141099453 25.7523212648234, -80.3308443725109 25.7505238858123, -80.3308537602425 25.7502871322486, -80.3316020965576 25.750264181623, -80.3316530585289 25.7516206767768, -80.33167719841 25.752285027612)))","POINT (-2.111680031 57.14606857)" "POINT (-99.850806 16.845658)" "POINT (0.073581 38.640138)" "POINT (4.879925 52.354554)", 
abcd,"{""def"":""789""}",,"POINT (-1.338639975 52.05516052)" "POINT (2.172895 41.385717)" "POINT (-43.928436 -19.875114)" "POINT (13.32131378 52.49737403)"
abcde,"{""def"":""654""}","MULTIPOLYGON(((-80.3289359807968 25.6557630771671, -80.32860070467 25.6564690651575, -80.3274232149124 25.6589569141861, -80.3262899816036 25.661358884394, -80.3257602453232 25.6625157294829, -80.3239819407463 25.6664080621097, -80.3236292302608 25.6664056445512, -80.3251728415489 25.6630947522255, -80.3270718455315 25.6589823001332, -80.3283981978893 25.6562417955071, -80.3289037942886 25.6551598409677, -80.3292270004749 25.6551489609281, -80.3289359807968 25.6557630771671)))",,
